location_cam,common_name,season,total_duration,total_images,total_series
OGW-ABMI-1057-11_HF2 PRO COVERT,Beaver,summer,0,0,0
OGW-ABMI-1057-11_HF2 PRO COVERT,Beaver,winter,0,0,0
OGW-ABMI-1057-11_HF2 PRO COVERT,Bird,summer,0,0,0
OGW-ABMI-1057-11_HF2 PRO COVERT,Bird,winter,0,0,0
OGW-ABMI-1057-11_HF2 PRO COVERT,Black Bear,summer,0,0,0
OGW-ABMI-1057-11_HF2 PRO COVERT,Black Bear,winter,0,0,0
OGW-ABMI-1057-11_HF2 PRO COVERT,Coyote,summer,50.62866846321385,10,4
OGW-ABMI-1057-11_HF2 PRO COVERT,Coyote,winter,82.94300269482076,18,6
OGW-ABMI-1057-11_HF2 PRO COVERT,"Cranes, Rails, Coots",summer,0,0,0
OGW-ABMI-1057-11_HF2 PRO COVERT,"Cranes, Rails, Coots",winter,0,0,0
OGW-ABMI-1057-11_HF2 PRO COVERT,"Crows, Jays, and Allies",summer,0,0,0
OGW-ABMI-1057-11_HF2 PRO COVERT,"Crows, Jays, and Allies",winter,0,0,0
OGW-ABMI-1057-11_HF2 PRO COVERT,Deer,summer,0,0,0
OGW-ABMI-1057-11_HF2 PRO COVERT,Deer,winter,0,0,0
OGW-ABMI-1057-11_HF2 PRO COVERT,"Ducks, Swans, Geese",summer,0,0,0
OGW-ABMI-1057-11_HF2 PRO COVERT,"Ducks, Swans, Geese",winter,0,0,0
OGW-ABMI-1057-11_HF2 PRO COVERT,Elk (wapiti),summer,0,0,0
OGW-ABMI-1057-11_HF2 PRO COVERT,Elk (wapiti),winter,0,0,0
OGW-ABMI-1057-11_HF2 PRO COVERT,Ermine,summer,0,0,0
OGW-ABMI-1057-11_HF2 PRO COVERT,Ermine,winter,0,0,0
OGW-ABMI-1057-11_HF2 PRO COVERT,Fisher,summer,0,0,0
OGW-ABMI-1057-11_HF2 PRO COVERT,Fisher,winter,0,0,0
OGW-ABMI-1057-11_HF2 PRO COVERT,"Grouse, Ptarmigan and allies",summer,0,0,0
OGW-ABMI-1057-11_HF2 PRO COVERT,"Grouse, Ptarmigan and allies",winter,0,0,0
OGW-ABMI-1057-11_HF2 PRO COVERT,Magpie,summer,0,0,0
OGW-ABMI-1057-11_HF2 PRO COVERT,Magpie,winter,0,0,0
OGW-ABMI-1057-11_HF2 PRO COVERT,Moose,summer,0,0,0
OGW-ABMI-1057-11_HF2 PRO COVERT,Moose,winter,173.17723285323825,55,10
OGW-ABMI-1057-11_HF2 PRO COVERT,Mule deer,summer,21.70545978406117,9,1
OGW-ABMI-1057-11_HF2 PRO COVERT,Mule deer,winter,959.8988443844469,194,31
OGW-ABMI-1057-11_HF2 PRO COVERT,Muskrat,summer,0,0,0
OGW-ABMI-1057-11_HF2 PRO COVERT,Muskrat,winter,0,0,0
OGW-ABMI-1057-11_HF2 PRO COVERT,"Pelicans, Herons, Egrets",summer,0,0,0
OGW-ABMI-1057-11_HF2 PRO COVERT,"Pelicans, Herons, Egrets",winter,0,0,0
OGW-ABMI-1057-11_HF2 PRO COVERT,Porcupine,summer,0,0,0
OGW-ABMI-1057-11_HF2 PRO COVERT,Porcupine,winter,0,0,0
OGW-ABMI-1057-11_HF2 PRO COVERT,Red fox,summer,0,0,0
OGW-ABMI-1057-11_HF2 PRO COVERT,Red fox,winter,7.249491525423728,1,1
OGW-ABMI-1057-11_HF2 PRO COVERT,Red Squirrel,summer,0,0,0
OGW-ABMI-1057-11_HF2 PRO COVERT,Red Squirrel,winter,0,0,0
OGW-ABMI-1057-11_HF2 PRO COVERT,Snowshoe Hare,summer,50.85021241287753,2,1
OGW-ABMI-1057-11_HF2 PRO COVERT,Snowshoe Hare,winter,284.3148854961832,35,23
OGW-ABMI-1057-11_HF2 PRO COVERT,"Voles, Mice and Allies",summer,0,0,0
OGW-ABMI-1057-11_HF2 PRO COVERT,"Voles, Mice and Allies",winter,0,0,0
OGW-ABMI-1057-11_HF2 PRO COVERT,White-tailed Deer,summer,262.5675149389034,48,12
OGW-ABMI-1057-11_HF2 PRO COVERT,White-tailed Deer,winter,1015.4806427361049,217,16
OGW-ABMI-1057-11_PC900 PROFESSIONAL,Beaver,summer,0,0,0
OGW-ABMI-1057-11_PC900 PROFESSIONAL,Beaver,winter,0,0,0
OGW-ABMI-1057-11_PC900 PROFESSIONAL,Bird,summer,0,0,0
OGW-ABMI-1057-11_PC900 PROFESSIONAL,Bird,winter,0,0,0
OGW-ABMI-1057-11_PC900 PROFESSIONAL,Black Bear,summer,0,0,0
OGW-ABMI-1057-11_PC900 PROFESSIONAL,Black Bear,winter,0,0,0
OGW-ABMI-1057-11_PC900 PROFESSIONAL,Coyote,summer,39.97150134741038,10,3
OGW-ABMI-1057-11_PC900 PROFESSIONAL,Coyote,winter,36.62866846321385,8,4
OGW-ABMI-1057-11_PC900 PROFESSIONAL,"Cranes, Rails, Coots",summer,0,0,0
OGW-ABMI-1057-11_PC900 PROFESSIONAL,"Cranes, Rails, Coots",winter,0,0,0
OGW-ABMI-1057-11_PC900 PROFESSIONAL,"Crows, Jays, and Allies",summer,0,0,0
OGW-ABMI-1057-11_PC900 PROFESSIONAL,"Crows, Jays, and Allies",winter,0,0,0
OGW-ABMI-1057-11_PC900 PROFESSIONAL,Deer,summer,0,0,0
OGW-ABMI-1057-11_PC900 PROFESSIONAL,Deer,winter,5.168250419228619,1,1
OGW-ABMI-1057-11_PC900 PROFESSIONAL,"Ducks, Swans, Geese",summer,0,0,0
OGW-ABMI-1057-11_PC900 PROFESSIONAL,"Ducks, Swans, Geese",winter,0,0,0
OGW-ABMI-1057-11_PC900 PROFESSIONAL,Elk (wapiti),summer,0,0,0
OGW-ABMI-1057-11_PC900 PROFESSIONAL,Elk (wapiti),winter,0,0,0
OGW-ABMI-1057-11_PC900 PROFESSIONAL,Ermine,summer,0,0,0
OGW-ABMI-1057-11_PC900 PROFESSIONAL,Ermine,winter,0,0,0
OGW-ABMI-1057-11_PC900 PROFESSIONAL,Fisher,summer,0,0,0
OGW-ABMI-1057-11_PC900 PROFESSIONAL,Fisher,winter,0,0,0
OGW-ABMI-1057-11_PC900 PROFESSIONAL,"Grouse, Ptarmigan and allies",summer,0,0,0
OGW-ABMI-1057-11_PC900 PROFESSIONAL,"Grouse, Ptarmigan and allies",winter,0,0,0
OGW-ABMI-1057-11_PC900 PROFESSIONAL,Magpie,summer,0,0,0
OGW-ABMI-1057-11_PC900 PROFESSIONAL,Magpie,winter,0,0,0
OGW-ABMI-1057-11_PC900 PROFESSIONAL,Moose,summer,0,0,0
OGW-ABMI-1057-11_PC900 PROFESSIONAL,Moose,winter,152.14394359500653,39,9
OGW-ABMI-1057-11_PC900 PROFESSIONAL,Mule deer,summer,23.912169751276068,8,2
OGW-ABMI-1057-11_PC900 PROFESSIONAL,Mule deer,winter,711.1385220599212,141,28
OGW-ABMI-1057-11_PC900 PROFESSIONAL,Muskrat,summer,0,0,0
OGW-ABMI-1057-11_PC900 PROFESSIONAL,Muskrat,winter,0,0,0
OGW-ABMI-1057-11_PC900 PROFESSIONAL,"Pelicans, Herons, Egrets",summer,0,0,0
OGW-ABMI-1057-11_PC900 PROFESSIONAL,"Pelicans, Herons, Egrets",winter,0,0,0
OGW-ABMI-1057-11_PC900 PROFESSIONAL,Porcupine,summer,0,0,0
OGW-ABMI-1057-11_PC900 PROFESSIONAL,Porcupine,winter,0,0,0
OGW-ABMI-1057-11_PC900 PROFESSIONAL,Red fox,summer,0,0,0
OGW-ABMI-1057-11_PC900 PROFESSIONAL,Red fox,winter,0,0,0
OGW-ABMI-1057-11_PC900 PROFESSIONAL,Red Squirrel,summer,0,0,0
OGW-ABMI-1057-11_PC900 PROFESSIONAL,Red Squirrel,winter,0,0,0
OGW-ABMI-1057-11_PC900 PROFESSIONAL,Snowshoe Hare,summer,0,0,0
OGW-ABMI-1057-11_PC900 PROFESSIONAL,Snowshoe Hare,winter,281.07297378028545,23,14
OGW-ABMI-1057-11_PC900 PROFESSIONAL,"Voles, Mice and Allies",summer,0,0,0
OGW-ABMI-1057-11_PC900 PROFESSIONAL,"Voles, Mice and Allies",winter,0,0,0
OGW-ABMI-1057-11_PC900 PROFESSIONAL,White-tailed Deer,summer,190.04796469734194,31,11
OGW-ABMI-1057-11_PC900 PROFESSIONAL,White-tailed Deer,winter,1095.9243456075803,191,17
OGW-ABMI-1057-13_HF2 PRO COVERT,Beaver,summer,0,0,0
OGW-ABMI-1057-13_HF2 PRO COVERT,Beaver,winter,0,0,0
OGW-ABMI-1057-13_HF2 PRO COVERT,Bird,summer,0,0,0
OGW-ABMI-1057-13_HF2 PRO COVERT,Bird,winter,0,0,0
OGW-ABMI-1057-13_HF2 PRO COVERT,Black Bear,summer,0,0,0
OGW-ABMI-1057-13_HF2 PRO COVERT,Black Bear,winter,0,0,0
OGW-ABMI-1057-13_HF2 PRO COVERT,Coyote,summer,47.647167115803455,8,1
OGW-ABMI-1057-13_HF2 PRO COVERT,Coyote,winter,35.97150134741038,9,3
OGW-ABMI-1057-13_HF2 PRO COVERT,"Cranes, Rails, Coots",summer,0,0,0
OGW-ABMI-1057-13_HF2 PRO COVERT,"Cranes, Rails, Coots",winter,0,0,0
OGW-ABMI-1057-13_HF2 PRO COVERT,"Crows, Jays, and Allies",summer,0,0,0
OGW-ABMI-1057-13_HF2 PRO COVERT,"Crows, Jays, and Allies",winter,0,0,0
OGW-ABMI-1057-13_HF2 PRO COVERT,Deer,summer,0,0,0
OGW-ABMI-1057-13_HF2 PRO COVERT,Deer,winter,0,0,0
OGW-ABMI-1057-13_HF2 PRO COVERT,"Ducks, Swans, Geese",summer,0,0,0
OGW-ABMI-1057-13_HF2 PRO COVERT,"Ducks, Swans, Geese",winter,0,0,0
OGW-ABMI-1057-13_HF2 PRO COVERT,Elk (wapiti),summer,0,0,0
OGW-ABMI-1057-13_HF2 PRO COVERT,Elk (wapiti),winter,0,0,0
OGW-ABMI-1057-13_HF2 PRO COVERT,Ermine,summer,0,0,0
OGW-ABMI-1057-13_HF2 PRO COVERT,Ermine,winter,0,0,0
OGW-ABMI-1057-13_HF2 PRO COVERT,Fisher,summer,0,0,0
OGW-ABMI-1057-13_HF2 PRO COVERT,Fisher,winter,0,0,0
OGW-ABMI-1057-13_HF2 PRO COVERT,"Grouse, Ptarmigan and allies",summer,0,0,0
OGW-ABMI-1057-13_HF2 PRO COVERT,"Grouse, Ptarmigan and allies",winter,0,0,0
OGW-ABMI-1057-13_HF2 PRO COVERT,Magpie,summer,0,0,0
OGW-ABMI-1057-13_HF2 PRO COVERT,Magpie,winter,0,0,0
OGW-ABMI-1057-13_HF2 PRO COVERT,Moose,summer,4.534476491084965,1,1
OGW-ABMI-1057-13_HF2 PRO COVERT,Moose,winter,392.43476491084965,58,9
OGW-ABMI-1057-13_HF2 PRO COVERT,Mule deer,summer,0,0,0
OGW-ABMI-1057-13_HF2 PRO COVERT,Mule deer,winter,1762.9648352917957,342,41
OGW-ABMI-1057-13_HF2 PRO COVERT,Muskrat,summer,0,0,0
OGW-ABMI-1057-13_HF2 PRO COVERT,Muskrat,winter,0,0,0
OGW-ABMI-1057-13_HF2 PRO COVERT,"Pelicans, Herons, Egrets",summer,0,0,0
OGW-ABMI-1057-13_HF2 PRO COVERT,"Pelicans, Herons, Egrets",winter,0,0,0
OGW-ABMI-1057-13_HF2 PRO COVERT,Porcupine,summer,0,0,0
OGW-ABMI-1057-13_HF2 PRO COVERT,Porcupine,winter,0,0,0
OGW-ABMI-1057-13_HF2 PRO COVERT,Red fox,summer,0,0,0
OGW-ABMI-1057-13_HF2 PRO COVERT,Red fox,winter,0,0,0
OGW-ABMI-1057-13_HF2 PRO COVERT,Red Squirrel,summer,0,0,0
OGW-ABMI-1057-13_HF2 PRO COVERT,Red Squirrel,winter,0,0,0
OGW-ABMI-1057-13_HF2 PRO COVERT,Snowshoe Hare,summer,0,0,0
OGW-ABMI-1057-13_HF2 PRO COVERT,Snowshoe Hare,winter,67.40084965151013,7,4
OGW-ABMI-1057-13_HF2 PRO COVERT,"Voles, Mice and Allies",summer,0,0,0
OGW-ABMI-1057-13_HF2 PRO COVERT,"Voles, Mice and Allies",winter,0,0,0
OGW-ABMI-1057-13_HF2 PRO COVERT,White-tailed Deer,summer,433.5208293652071,106,6
OGW-ABMI-1057-13_HF2 PRO COVERT,White-tailed Deer,winter,1010.3720891866461,218,25
OGW-ABMI-1057-13_PC900 PROFESSIONAL,Beaver,summer,0,0,0
OGW-ABMI-1057-13_PC900 PROFESSIONAL,Beaver,winter,0,0,0
OGW-ABMI-1057-13_PC900 PROFESSIONAL,Bird,summer,0,0,0
OGW-ABMI-1057-13_PC900 PROFESSIONAL,Bird,winter,0,0,0
OGW-ABMI-1057-13_PC900 PROFESSIONAL,Black Bear,summer,0,0,0
OGW-ABMI-1057-13_PC900 PROFESSIONAL,Black Bear,winter,0,0,0
OGW-ABMI-1057-13_PC900 PROFESSIONAL,Coyote,summer,39.247167115803464,5,1
OGW-ABMI-1057-13_PC900 PROFESSIONAL,Coyote,winter,36.97150134741038,8,3
OGW-ABMI-1057-13_PC900 PROFESSIONAL,"Cranes, Rails, Coots",summer,0,0,0
OGW-ABMI-1057-13_PC900 PROFESSIONAL,"Cranes, Rails, Coots",winter,0,0,0
OGW-ABMI-1057-13_PC900 PROFESSIONAL,"Crows, Jays, and Allies",summer,0,0,0
OGW-ABMI-1057-13_PC900 PROFESSIONAL,"Crows, Jays, and Allies",winter,0,0,0
OGW-ABMI-1057-13_PC900 PROFESSIONAL,Deer,summer,0,0,0
OGW-ABMI-1057-13_PC900 PROFESSIONAL,Deer,winter,5.168250419228619,1,1
OGW-ABMI-1057-13_PC900 PROFESSIONAL,"Ducks, Swans, Geese",summer,0,0,0
OGW-ABMI-1057-13_PC900 PROFESSIONAL,"Ducks, Swans, Geese",winter,0,0,0
OGW-ABMI-1057-13_PC900 PROFESSIONAL,Elk (wapiti),summer,0,0,0
OGW-ABMI-1057-13_PC900 PROFESSIONAL,Elk (wapiti),winter,0,0,0
OGW-ABMI-1057-13_PC900 PROFESSIONAL,Ermine,summer,0,0,0
OGW-ABMI-1057-13_PC900 PROFESSIONAL,Ermine,winter,0,0,0
OGW-ABMI-1057-13_PC900 PROFESSIONAL,Fisher,summer,0,0,0
OGW-ABMI-1057-13_PC900 PROFESSIONAL,Fisher,winter,0,0,0
OGW-ABMI-1057-13_PC900 PROFESSIONAL,"Grouse, Ptarmigan and allies",summer,0,0,0
OGW-ABMI-1057-13_PC900 PROFESSIONAL,"Grouse, Ptarmigan and allies",winter,0,0,0
OGW-ABMI-1057-13_PC900 PROFESSIONAL,Magpie,summer,0,0,0
OGW-ABMI-1057-13_PC900 PROFESSIONAL,Magpie,winter,0,0,0
OGW-ABMI-1057-13_PC900 PROFESSIONAL,Moose,summer,0,0,0
OGW-ABMI-1057-13_PC900 PROFESSIONAL,Moose,winter,118.48685894650978,27,6
OGW-ABMI-1057-13_PC900 PROFESSIONAL,Mule deer,summer,0,0,0
OGW-ABMI-1057-13_PC900 PROFESSIONAL,Mule deer,winter,1640.0560580020501,287,37
OGW-ABMI-1057-13_PC900 PROFESSIONAL,Muskrat,summer,0,0,0
OGW-ABMI-1057-13_PC900 PROFESSIONAL,Muskrat,winter,0,0,0
OGW-ABMI-1057-13_PC900 PROFESSIONAL,"Pelicans, Herons, Egrets",summer,0,0,0
OGW-ABMI-1057-13_PC900 PROFESSIONAL,"Pelicans, Herons, Egrets",winter,0,0,0
OGW-ABMI-1057-13_PC900 PROFESSIONAL,Porcupine,summer,0,0,0
OGW-ABMI-1057-13_PC900 PROFESSIONAL,Porcupine,winter,0,0,0
OGW-ABMI-1057-13_PC900 PROFESSIONAL,Red fox,summer,0,0,0
OGW-ABMI-1057-13_PC900 PROFESSIONAL,Red fox,winter,0,0,0
OGW-ABMI-1057-13_PC900 PROFESSIONAL,Red Squirrel,summer,0,0,0
OGW-ABMI-1057-13_PC900 PROFESSIONAL,Red Squirrel,winter,0,0,0
OGW-ABMI-1057-13_PC900 PROFESSIONAL,Snowshoe Hare,summer,0,0,0
OGW-ABMI-1057-13_PC900 PROFESSIONAL,Snowshoe Hare,winter,58.851062064387655,7,5
OGW-ABMI-1057-13_PC900 PROFESSIONAL,"Voles, Mice and Allies",summer,0,0,0
OGW-ABMI-1057-13_PC900 PROFESSIONAL,"Voles, Mice and Allies",winter,0,0,0
OGW-ABMI-1057-13_PC900 PROFESSIONAL,White-tailed Deer,summer,407.08721561342685,91,6
OGW-ABMI-1057-13_PC900 PROFESSIONAL,White-tailed Deer,winter,1067.2649921100658,212,29
OGW-ABMI-1057-14_HF2 PRO COVERT,Beaver,summer,0,0,0
OGW-ABMI-1057-14_HF2 PRO COVERT,Beaver,winter,0,0,0
OGW-ABMI-1057-14_HF2 PRO COVERT,Bird,summer,70.3323076923077,7,6
OGW-ABMI-1057-14_HF2 PRO COVERT,Bird,winter,0,0,0
OGW-ABMI-1057-14_HF2 PRO COVERT,Black Bear,summer,154.5296468854271,26,3
OGW-ABMI-1057-14_HF2 PRO COVERT,Black Bear,winter,0,0,0
OGW-ABMI-1057-14_HF2 PRO COVERT,Coyote,summer,17.65716711580346,4,1
OGW-ABMI-1057-14_HF2 PRO COVERT,Coyote,winter,59.94300269482078,11,6
OGW-ABMI-1057-14_HF2 PRO COVERT,"Cranes, Rails, Coots",summer,0,0,0
OGW-ABMI-1057-14_HF2 PRO COVERT,"Cranes, Rails, Coots",winter,0,0,0
OGW-ABMI-1057-14_HF2 PRO COVERT,"Crows, Jays, and Allies",summer,0,0,0
OGW-ABMI-1057-14_HF2 PRO COVERT,"Crows, Jays, and Allies",winter,0,0,0
OGW-ABMI-1057-14_HF2 PRO COVERT,Deer,summer,0,0,0
OGW-ABMI-1057-14_HF2 PRO COVERT,Deer,winter,15.504751257685857,3,3
OGW-ABMI-1057-14_HF2 PRO COVERT,"Ducks, Swans, Geese",summer,481.16552028775163,70,70
OGW-ABMI-1057-14_HF2 PRO COVERT,"Ducks, Swans, Geese",winter,0,0,0
OGW-ABMI-1057-14_HF2 PRO COVERT,Elk (wapiti),summer,0,0,0
OGW-ABMI-1057-14_HF2 PRO COVERT,Elk (wapiti),winter,0,0,0
OGW-ABMI-1057-14_HF2 PRO COVERT,Ermine,summer,0,0,0
OGW-ABMI-1057-14_HF2 PRO COVERT,Ermine,winter,0,0,0
OGW-ABMI-1057-14_HF2 PRO COVERT,Fisher,summer,0,0,0
OGW-ABMI-1057-14_HF2 PRO COVERT,Fisher,winter,0,0,0
OGW-ABMI-1057-14_HF2 PRO COVERT,"Grouse, Ptarmigan and allies",summer,7.405990016638935,2,1
OGW-ABMI-1057-14_HF2 PRO COVERT,"Grouse, Ptarmigan and allies",winter,0,0,0
OGW-ABMI-1057-14_HF2 PRO COVERT,Magpie,summer,0,0,0
OGW-ABMI-1057-14_HF2 PRO COVERT,Magpie,winter,6.420094648707681,1,1
OGW-ABMI-1057-14_HF2 PRO COVERT,Moose,summer,230.6034294732549,86,3
OGW-ABMI-1057-14_HF2 PRO COVERT,Moose,winter,4390.38750886293,772,35
OGW-ABMI-1057-14_HF2 PRO COVERT,Mule deer,summer,0,0,0
OGW-ABMI-1057-14_HF2 PRO COVERT,Mule deer,winter,517.498338018181,106,32
OGW-ABMI-1057-14_HF2 PRO COVERT,Muskrat,summer,0,0,0
OGW-ABMI-1057-14_HF2 PRO COVERT,Muskrat,winter,0,0,0
OGW-ABMI-1057-14_HF2 PRO COVERT,"Pelicans, Herons, Egrets",summer,0,0,0
OGW-ABMI-1057-14_HF2 PRO COVERT,"Pelicans, Herons, Egrets",winter,0,0,0
OGW-ABMI-1057-14_HF2 PRO COVERT,Porcupine,summer,0,0,0
OGW-ABMI-1057-14_HF2 PRO COVERT,Porcupine,winter,0,0,0
OGW-ABMI-1057-14_HF2 PRO COVERT,Red fox,summer,0,0,0
OGW-ABMI-1057-14_HF2 PRO COVERT,Red fox,winter,0,0,0
OGW-ABMI-1057-14_HF2 PRO COVERT,Red Squirrel,summer,0,0,0
OGW-ABMI-1057-14_HF2 PRO COVERT,Red Squirrel,winter,0,0,0
OGW-ABMI-1057-14_HF2 PRO COVERT,Snowshoe Hare,summer,0,0,0
OGW-ABMI-1057-14_HF2 PRO COVERT,Snowshoe Hare,winter,0,0,0
OGW-ABMI-1057-14_HF2 PRO COVERT,"Voles, Mice and Allies",summer,0,0,0
OGW-ABMI-1057-14_HF2 PRO COVERT,"Voles, Mice and Allies",winter,0,0,0
OGW-ABMI-1057-14_HF2 PRO COVERT,White-tailed Deer,summer,1052.9364100195676,231,80
OGW-ABMI-1057-14_HF2 PRO COVERT,White-tailed Deer,winter,3194.478574435336,698,68
OGW-ABMI-1057-14_PC900 PROFESSIONAL,Beaver,summer,0,0,0
OGW-ABMI-1057-14_PC900 PROFESSIONAL,Beaver,winter,0,0,0
OGW-ABMI-1057-14_PC900 PROFESSIONAL,Bird,summer,0,0,0
OGW-ABMI-1057-14_PC900 PROFESSIONAL,Bird,winter,0,0,0
OGW-ABMI-1057-14_PC900 PROFESSIONAL,Black Bear,summer,189.90296452477943,39,3
OGW-ABMI-1057-14_PC900 PROFESSIONAL,Black Bear,winter,0,0,0
OGW-ABMI-1057-14_PC900 PROFESSIONAL,Coyote,summer,20.65716711580346,7,1
OGW-ABMI-1057-14_PC900 PROFESSIONAL,Coyote,winter,95.79072686330244,16,10
OGW-ABMI-1057-14_PC900 PROFESSIONAL,"Cranes, Rails, Coots",summer,0,0,0
OGW-ABMI-1057-14_PC900 PROFESSIONAL,"Cranes, Rails, Coots",winter,0,0,0
OGW-ABMI-1057-14_PC900 PROFESSIONAL,"Crows, Jays, and Allies",summer,0,0,0
OGW-ABMI-1057-14_PC900 PROFESSIONAL,"Crows, Jays, and Allies",winter,0,0,0
OGW-ABMI-1057-14_PC900 PROFESSIONAL,Deer,summer,0,0,0
OGW-ABMI-1057-14_PC900 PROFESSIONAL,Deer,winter,31.841252096143098,9,5
OGW-ABMI-1057-14_PC900 PROFESSIONAL,"Ducks, Swans, Geese",summer,1051.5737994573105,170,146
OGW-ABMI-1057-14_PC900 PROFESSIONAL,"Ducks, Swans, Geese",winter,0,0,0
OGW-ABMI-1057-14_PC900 PROFESSIONAL,Elk (wapiti),summer,0,0,0
OGW-ABMI-1057-14_PC900 PROFESSIONAL,Elk (wapiti),winter,0,0,0
OGW-ABMI-1057-14_PC900 PROFESSIONAL,Ermine,summer,0,0,0
OGW-ABMI-1057-14_PC900 PROFESSIONAL,Ermine,winter,0,0,0
OGW-ABMI-1057-14_PC900 PROFESSIONAL,Fisher,summer,9.809151785714286,1,1
OGW-ABMI-1057-14_PC900 PROFESSIONAL,Fisher,winter,0,0,0
OGW-ABMI-1057-14_PC900 PROFESSIONAL,"Grouse, Ptarmigan and allies",summer,48.02995008319468,9,5
OGW-ABMI-1057-14_PC900 PROFESSIONAL,"Grouse, Ptarmigan and allies",winter,0,0,0
OGW-ABMI-1057-14_PC900 PROFESSIONAL,Magpie,summer,0,0,0
OGW-ABMI-1057-14_PC900 PROFESSIONAL,Magpie,winter,0,0,0
OGW-ABMI-1057-14_PC900 PROFESSIONAL,Moose,summer,221.6034294732549,76,3
OGW-ABMI-1057-14_PC900 PROFESSIONAL,Moose,winter,3925.2188487655994,656,44
OGW-ABMI-1057-14_PC900 PROFESSIONAL,Mule deer,summer,0,0,0
OGW-ABMI-1057-14_PC900 PROFESSIONAL,Mule deer,winter,649.4511205348294,156,46
OGW-ABMI-1057-14_PC900 PROFESSIONAL,Muskrat,summer,0,0,0
OGW-ABMI-1057-14_PC900 PROFESSIONAL,Muskrat,winter,0,0,0
OGW-ABMI-1057-14_PC900 PROFESSIONAL,"Pelicans, Herons, Egrets",summer,0,0,0
OGW-ABMI-1057-14_PC900 PROFESSIONAL,"Pelicans, Herons, Egrets",winter,0,0,0
OGW-ABMI-1057-14_PC900 PROFESSIONAL,Porcupine,summer,4.663799843627834,1,1
OGW-ABMI-1057-14_PC900 PROFESSIONAL,Porcupine,winter,0,0,0
OGW-ABMI-1057-14_PC900 PROFESSIONAL,Red fox,summer,0,0,0
OGW-ABMI-1057-14_PC900 PROFESSIONAL,Red fox,winter,0,0,0
OGW-ABMI-1057-14_PC900 PROFESSIONAL,Red Squirrel,summer,0,0,0
OGW-ABMI-1057-14_PC900 PROFESSIONAL,Red Squirrel,winter,0,0,0
OGW-ABMI-1057-14_PC900 PROFESSIONAL,Snowshoe Hare,summer,0,0,0
OGW-ABMI-1057-14_PC900 PROFESSIONAL,Snowshoe Hare,winter,0,0,0
OGW-ABMI-1057-14_PC900 PROFESSIONAL,"Voles, Mice and Allies",summer,0,0,0
OGW-ABMI-1057-14_PC900 PROFESSIONAL,"Voles, Mice and Allies",winter,0,0,0
OGW-ABMI-1057-14_PC900 PROFESSIONAL,White-tailed Deer,summer,1514.7089172583917,284,149
OGW-ABMI-1057-14_PC900 PROFESSIONAL,White-tailed Deer,winter,3740.266291341145,803,70
OGW-ABMI-1057-15_HF2 PRO COVERT,Beaver,summer,0,0,0
OGW-ABMI-1057-15_HF2 PRO COVERT,Beaver,winter,0,0,0
OGW-ABMI-1057-15_HF2 PRO COVERT,Bird,summer,33.16615384615385,3,3
OGW-ABMI-1057-15_HF2 PRO COVERT,Bird,winter,0,0,0
OGW-ABMI-1057-15_HF2 PRO COVERT,Black Bear,summer,69.24941147571185,8,3
OGW-ABMI-1057-15_HF2 PRO COVERT,Black Bear,winter,0,0,0
OGW-ABMI-1057-15_HF2 PRO COVERT,Coyote,summer,0,0,0
OGW-ABMI-1057-15_HF2 PRO COVERT,Coyote,winter,146.79450404223115,25,9
OGW-ABMI-1057-15_HF2 PRO COVERT,"Cranes, Rails, Coots",summer,7.2602247191011235,1,1
OGW-ABMI-1057-15_HF2 PRO COVERT,"Cranes, Rails, Coots",winter,0,0,0
OGW-ABMI-1057-15_HF2 PRO COVERT,"Crows, Jays, and Allies",summer,0,0,0
OGW-ABMI-1057-15_HF2 PRO COVERT,"Crows, Jays, and Allies",winter,0,0,0
OGW-ABMI-1057-15_HF2 PRO COVERT,Deer,summer,0,0,0
OGW-ABMI-1057-15_HF2 PRO COVERT,Deer,winter,86.01900503074343,22,10
OGW-ABMI-1057-15_HF2 PRO COVERT,"Ducks, Swans, Geese",summer,20.62137944090364,3,3
OGW-ABMI-1057-15_HF2 PRO COVERT,"Ducks, Swans, Geese",winter,0,0,0
OGW-ABMI-1057-15_HF2 PRO COVERT,Elk (wapiti),summer,0,0,0
OGW-ABMI-1057-15_HF2 PRO COVERT,Elk (wapiti),winter,3.851783937455579,1,1
OGW-ABMI-1057-15_HF2 PRO COVERT,Ermine,summer,0,0,0
OGW-ABMI-1057-15_HF2 PRO COVERT,Ermine,winter,0,0,0
OGW-ABMI-1057-15_HF2 PRO COVERT,Fisher,summer,0,0,0
OGW-ABMI-1057-15_HF2 PRO COVERT,Fisher,winter,0,0,0
OGW-ABMI-1057-15_HF2 PRO COVERT,"Grouse, Ptarmigan and allies",summer,0,0,0
OGW-ABMI-1057-15_HF2 PRO COVERT,"Grouse, Ptarmigan and allies",winter,0,0,0
OGW-ABMI-1057-15_HF2 PRO COVERT,Magpie,summer,0,0,0
OGW-ABMI-1057-15_HF2 PRO COVERT,Magpie,winter,0,0,0
OGW-ABMI-1057-15_HF2 PRO COVERT,Moose,summer,17.068952982169932,9,2
OGW-ABMI-1057-15_HF2 PRO COVERT,Moose,winter,141.2735050360414,37,3
OGW-ABMI-1057-15_HF2 PRO COVERT,Mule deer,summer,75.64778757394727,13,1
OGW-ABMI-1057-15_HF2 PRO COVERT,Mule deer,winter,2606.9261598043454,448,61
OGW-ABMI-1057-15_HF2 PRO COVERT,Muskrat,summer,0,0,0
OGW-ABMI-1057-15_HF2 PRO COVERT,Muskrat,winter,0,0,0
OGW-ABMI-1057-15_HF2 PRO COVERT,"Pelicans, Herons, Egrets",summer,30.223913043478262,8,6
OGW-ABMI-1057-15_HF2 PRO COVERT,"Pelicans, Herons, Egrets",winter,0,0,0
OGW-ABMI-1057-15_HF2 PRO COVERT,Porcupine,summer,0,0,0
OGW-ABMI-1057-15_HF2 PRO COVERT,Porcupine,winter,0,0,0
OGW-ABMI-1057-15_HF2 PRO COVERT,Red fox,summer,0,0,0
OGW-ABMI-1057-15_HF2 PRO COVERT,Red fox,winter,0,0,0
OGW-ABMI-1057-15_HF2 PRO COVERT,Red Squirrel,summer,0,0,0
OGW-ABMI-1057-15_HF2 PRO COVERT,Red Squirrel,winter,0,0,0
OGW-ABMI-1057-15_HF2 PRO COVERT,Snowshoe Hare,summer,0,0,0
OGW-ABMI-1057-15_HF2 PRO COVERT,Snowshoe Hare,winter,0,0,0
OGW-ABMI-1057-15_HF2 PRO COVERT,"Voles, Mice and Allies",summer,0,0,0
OGW-ABMI-1057-15_HF2 PRO COVERT,"Voles, Mice and Allies",winter,0,0,0
OGW-ABMI-1057-15_HF2 PRO COVERT,White-tailed Deer,summer,83.56869342259128,6,2
OGW-ABMI-1057-15_HF2 PRO COVERT,White-tailed Deer,winter,1717.500900109983,312,41
OGW-ABMI-1057-15_PC900 PROFESSIONAL,Beaver,summer,0,0,0
OGW-ABMI-1057-15_PC900 PROFESSIONAL,Beaver,winter,0,0,0
OGW-ABMI-1057-15_PC900 PROFESSIONAL,Bird,summer,0,0,0
OGW-ABMI-1057-15_PC900 PROFESSIONAL,Bird,winter,0,0,0
OGW-ABMI-1057-15_PC900 PROFESSIONAL,Black Bear,summer,58.49976459028474,5,1
OGW-ABMI-1057-15_PC900 PROFESSIONAL,Black Bear,winter,0,0,0
OGW-ABMI-1057-15_PC900 PROFESSIONAL,Coyote,summer,0,0,0
OGW-ABMI-1057-15_PC900 PROFESSIONAL,Coyote,winter,86.12300269482077,16,6
OGW-ABMI-1057-15_PC900 PROFESSIONAL,"Cranes, Rails, Coots",summer,0,0,0
OGW-ABMI-1057-15_PC900 PROFESSIONAL,"Cranes, Rails, Coots",winter,0,0,0
OGW-ABMI-1057-15_PC900 PROFESSIONAL,"Crows, Jays, and Allies",summer,0,0,0
OGW-ABMI-1057-15_PC900 PROFESSIONAL,"Crows, Jays, and Allies",winter,0,0,0
OGW-ABMI-1057-15_PC900 PROFESSIONAL,Deer,summer,0,0,0
OGW-ABMI-1057-15_PC900 PROFESSIONAL,Deer,winter,14.33650083845724,4,2
OGW-ABMI-1057-15_PC900 PROFESSIONAL,"Ducks, Swans, Geese",summer,6.873793146967881,1,1
OGW-ABMI-1057-15_PC900 PROFESSIONAL,"Ducks, Swans, Geese",winter,0,0,0
OGW-ABMI-1057-15_PC900 PROFESSIONAL,Elk (wapiti),summer,0,0,0
OGW-ABMI-1057-15_PC900 PROFESSIONAL,Elk (wapiti),winter,3.851783937455579,1,1
OGW-ABMI-1057-15_PC900 PROFESSIONAL,Ermine,summer,0,0,0
OGW-ABMI-1057-15_PC900 PROFESSIONAL,Ermine,winter,0,0,0
OGW-ABMI-1057-15_PC900 PROFESSIONAL,Fisher,summer,0,0,0
OGW-ABMI-1057-15_PC900 PROFESSIONAL,Fisher,winter,0,0,0
OGW-ABMI-1057-15_PC900 PROFESSIONAL,"Grouse, Ptarmigan and allies",summer,0,0,0
OGW-ABMI-1057-15_PC900 PROFESSIONAL,"Grouse, Ptarmigan and allies",winter,0,0,0
OGW-ABMI-1057-15_PC900 PROFESSIONAL,Magpie,summer,0,0,0
OGW-ABMI-1057-15_PC900 PROFESSIONAL,Magpie,winter,0,0,0
OGW-ABMI-1057-15_PC900 PROFESSIONAL,Moose,summer,16.068952982169932,7,2
OGW-ABMI-1057-15_PC900 PROFESSIONAL,Moose,winter,121.12552449528758,36,2
OGW-ABMI-1057-15_PC900 PROFESSIONAL,Mule deer,summer,53.7590125505955,13,1
OGW-ABMI-1057-15_PC900 PROFESSIONAL,Mule deer,winter,2565.579485273154,371,67
OGW-ABMI-1057-15_PC900 PROFESSIONAL,Muskrat,summer,0,0,0
OGW-ABMI-1057-15_PC900 PROFESSIONAL,Muskrat,winter,0,0,0
OGW-ABMI-1057-15_PC900 PROFESSIONAL,"Pelicans, Herons, Egrets",summer,61.96521739130435,13,8
OGW-ABMI-1057-15_PC900 PROFESSIONAL,"Pelicans, Herons, Egrets",winter,0,0,0
OGW-ABMI-1057-15_PC900 PROFESSIONAL,Porcupine,summer,0,0,0
OGW-ABMI-1057-15_PC900 PROFESSIONAL,Porcupine,winter,0,0,0
OGW-ABMI-1057-15_PC900 PROFESSIONAL,Red fox,summer,0,0,0
OGW-ABMI-1057-15_PC900 PROFESSIONAL,Red fox,winter,0,0,0
OGW-ABMI-1057-15_PC900 PROFESSIONAL,Red Squirrel,summer,0,0,0
OGW-ABMI-1057-15_PC900 PROFESSIONAL,Red Squirrel,winter,0,0,0
OGW-ABMI-1057-15_PC900 PROFESSIONAL,Snowshoe Hare,summer,0,0,0
OGW-ABMI-1057-15_PC900 PROFESSIONAL,Snowshoe Hare,winter,0,0,0
OGW-ABMI-1057-15_PC900 PROFESSIONAL,"Voles, Mice and Allies",summer,0,0,0
OGW-ABMI-1057-15_PC900 PROFESSIONAL,"Voles, Mice and Allies",winter,0,0,0
OGW-ABMI-1057-15_PC900 PROFESSIONAL,White-tailed Deer,summer,64.764453456063,8,3
OGW-ABMI-1057-15_PC900 PROFESSIONAL,White-tailed Deer,winter,1577.47666758184,291,36
OGW-ABMI-1057-16_HF2 PRO COVERT,Beaver,summer,0,0,0
OGW-ABMI-1057-16_HF2 PRO COVERT,Beaver,winter,0,0,0
OGW-ABMI-1057-16_HF2 PRO COVERT,Bird,summer,0,0,0
OGW-ABMI-1057-16_HF2 PRO COVERT,Bird,winter,0,0,0
OGW-ABMI-1057-16_HF2 PRO COVERT,Black Bear,summer,481.9919276777447,68,3
OGW-ABMI-1057-16_HF2 PRO COVERT,Black Bear,winter,0,0,0
OGW-ABMI-1057-16_HF2 PRO COVERT,Coyote,summer,136.8358355790173,33,5
OGW-ABMI-1057-16_HF2 PRO COVERT,Coyote,winter,28.97150134741039,6,3
OGW-ABMI-1057-16_HF2 PRO COVERT,"Cranes, Rails, Coots",summer,0,0,0
OGW-ABMI-1057-16_HF2 PRO COVERT,"Cranes, Rails, Coots",winter,0,0,0
OGW-ABMI-1057-16_HF2 PRO COVERT,"Crows, Jays, and Allies",summer,0,0,0
OGW-ABMI-1057-16_HF2 PRO COVERT,"Crows, Jays, and Allies",winter,0,0,0
OGW-ABMI-1057-16_HF2 PRO COVERT,Deer,summer,26.16825041922862,5,1
OGW-ABMI-1057-16_HF2 PRO COVERT,Deer,winter,17.16825041922862,4,1
OGW-ABMI-1057-16_HF2 PRO COVERT,"Ducks, Swans, Geese",summer,0,0,0
OGW-ABMI-1057-16_HF2 PRO COVERT,"Ducks, Swans, Geese",winter,0,0,0
OGW-ABMI-1057-16_HF2 PRO COVERT,Elk (wapiti),summer,0,0,0
OGW-ABMI-1057-16_HF2 PRO COVERT,Elk (wapiti),winter,0,0,0
OGW-ABMI-1057-16_HF2 PRO COVERT,Ermine,summer,0,0,0
OGW-ABMI-1057-16_HF2 PRO COVERT,Ermine,winter,0,0,0
OGW-ABMI-1057-16_HF2 PRO COVERT,Fisher,summer,0,0,0
OGW-ABMI-1057-16_HF2 PRO COVERT,Fisher,winter,0,0,0
OGW-ABMI-1057-16_HF2 PRO COVERT,"Grouse, Ptarmigan and allies",summer,6.405990016638935,1,1
OGW-ABMI-1057-16_HF2 PRO COVERT,"Grouse, Ptarmigan and allies",winter,0,0,0
OGW-ABMI-1057-16_HF2 PRO COVERT,Magpie,summer,0,0,0
OGW-ABMI-1057-16_HF2 PRO COVERT,Magpie,winter,0,0,0
OGW-ABMI-1057-16_HF2 PRO COVERT,Moose,summer,4.534476491084965,1,1
OGW-ABMI-1057-16_HF2 PRO COVERT,Moose,winter,87.5234294732549,20,3
OGW-ABMI-1057-16_HF2 PRO COVERT,Mule deer,summer,85.8270376517865,21,3
OGW-ABMI-1057-16_HF2 PRO COVERT,Mule deer,winter,1938.798505582936,448,31
OGW-ABMI-1057-16_HF2 PRO COVERT,Muskrat,summer,0,0,0
OGW-ABMI-1057-16_HF2 PRO COVERT,Muskrat,winter,0,0,0
OGW-ABMI-1057-16_HF2 PRO COVERT,"Pelicans, Herons, Egrets",summer,0,0,0
OGW-ABMI-1057-16_HF2 PRO COVERT,"Pelicans, Herons, Egrets",winter,0,0,0
OGW-ABMI-1057-16_HF2 PRO COVERT,Porcupine,summer,0,0,0
OGW-ABMI-1057-16_HF2 PRO COVERT,Porcupine,winter,4.663799843627834,1,1
OGW-ABMI-1057-16_HF2 PRO COVERT,Red fox,summer,0,0,0
OGW-ABMI-1057-16_HF2 PRO COVERT,Red fox,winter,0,0,0
OGW-ABMI-1057-16_HF2 PRO COVERT,Red Squirrel,summer,0,0,0
OGW-ABMI-1057-16_HF2 PRO COVERT,Red Squirrel,winter,0,0,0
OGW-ABMI-1057-16_HF2 PRO COVERT,Snowshoe Hare,summer,0,0,0
OGW-ABMI-1057-16_HF2 PRO COVERT,Snowshoe Hare,winter,0,0,0
OGW-ABMI-1057-16_HF2 PRO COVERT,"Voles, Mice and Allies",summer,0,0,0
OGW-ABMI-1057-16_HF2 PRO COVERT,"Voles, Mice and Allies",winter,0,0,0
OGW-ABMI-1057-16_HF2 PRO COVERT,White-tailed Deer,summer,360.5516268117108,105,6
OGW-ABMI-1057-16_HF2 PRO COVERT,White-tailed Deer,winter,766.6902759731927,154,13
OGW-ABMI-1057-16_PC900 PROFESSIONAL,Beaver,summer,0,0,0
OGW-ABMI-1057-16_PC900 PROFESSIONAL,Beaver,winter,0,0,0
OGW-ABMI-1057-16_PC900 PROFESSIONAL,Bird,summer,0,0,0
OGW-ABMI-1057-16_PC900 PROFESSIONAL,Bird,winter,0,0,0
OGW-ABMI-1057-16_PC900 PROFESSIONAL,Black Bear,summer,433.74303886648516,65,3
OGW-ABMI-1057-16_PC900 PROFESSIONAL,Black Bear,winter,0,0,0
OGW-ABMI-1057-16_PC900 PROFESSIONAL,Coyote,summer,144.71866846321385,18,4
OGW-ABMI-1057-16_PC900 PROFESSIONAL,Coyote,winter,35.62866846321385,6,4
OGW-ABMI-1057-16_PC900 PROFESSIONAL,"Cranes, Rails, Coots",summer,0,0,0
OGW-ABMI-1057-16_PC900 PROFESSIONAL,"Cranes, Rails, Coots",winter,0,0,0
OGW-ABMI-1057-16_PC900 PROFESSIONAL,"Crows, Jays, and Allies",summer,0,0,0
OGW-ABMI-1057-16_PC900 PROFESSIONAL,"Crows, Jays, and Allies",winter,0,0,0
OGW-ABMI-1057-16_PC900 PROFESSIONAL,Deer,summer,0,0,0
OGW-ABMI-1057-16_PC900 PROFESSIONAL,Deer,winter,29.33650083845724,9,2
OGW-ABMI-1057-16_PC900 PROFESSIONAL,"Ducks, Swans, Geese",summer,0,0,0
OGW-ABMI-1057-16_PC900 PROFESSIONAL,"Ducks, Swans, Geese",winter,0,0,0
OGW-ABMI-1057-16_PC900 PROFESSIONAL,Elk (wapiti),summer,0,0,0
OGW-ABMI-1057-16_PC900 PROFESSIONAL,Elk (wapiti),winter,0,0,0
OGW-ABMI-1057-16_PC900 PROFESSIONAL,Ermine,summer,0,0,0
OGW-ABMI-1057-16_PC900 PROFESSIONAL,Ermine,winter,0,0,0
OGW-ABMI-1057-16_PC900 PROFESSIONAL,Fisher,summer,0,0,0
OGW-ABMI-1057-16_PC900 PROFESSIONAL,Fisher,winter,0,0,0
OGW-ABMI-1057-16_PC900 PROFESSIONAL,"Grouse, Ptarmigan and allies",summer,0,0,0
OGW-ABMI-1057-16_PC900 PROFESSIONAL,"Grouse, Ptarmigan and allies",winter,0,0,0
OGW-ABMI-1057-16_PC900 PROFESSIONAL,Magpie,summer,0,0,0
OGW-ABMI-1057-16_PC900 PROFESSIONAL,Magpie,winter,0,0,0
OGW-ABMI-1057-16_PC900 PROFESSIONAL,Moose,summer,0,0,0
OGW-ABMI-1057-16_PC900 PROFESSIONAL,Moose,winter,70.53895298216993,22,2
OGW-ABMI-1057-16_PC900 PROFESSIONAL,Mule deer,summer,40.2770376517865,11,3
OGW-ABMI-1057-16_PC900 PROFESSIONAL,Mule deer,winter,1769.738099355597,362,29
OGW-ABMI-1057-16_PC900 PROFESSIONAL,Muskrat,summer,0,0,0
OGW-ABMI-1057-16_PC900 PROFESSIONAL,Muskrat,winter,0,0,0
OGW-ABMI-1057-16_PC900 PROFESSIONAL,"Pelicans, Herons, Egrets",summer,0,0,0
OGW-ABMI-1057-16_PC900 PROFESSIONAL,"Pelicans, Herons, Egrets",winter,0,0,0
OGW-ABMI-1057-16_PC900 PROFESSIONAL,Porcupine,summer,0,0,0
OGW-ABMI-1057-16_PC900 PROFESSIONAL,Porcupine,winter,0,0,0
OGW-ABMI-1057-16_PC900 PROFESSIONAL,Red fox,summer,0,0,0
OGW-ABMI-1057-16_PC900 PROFESSIONAL,Red fox,winter,0,0,0
OGW-ABMI-1057-16_PC900 PROFESSIONAL,Red Squirrel,summer,0,0,0
OGW-ABMI-1057-16_PC900 PROFESSIONAL,Red Squirrel,winter,0,0,0
OGW-ABMI-1057-16_PC900 PROFESSIONAL,Snowshoe Hare,summer,0,0,0
OGW-ABMI-1057-16_PC900 PROFESSIONAL,Snowshoe Hare,winter,0,0,0
OGW-ABMI-1057-16_PC900 PROFESSIONAL,"Voles, Mice and Allies",summer,0,0,0
OGW-ABMI-1057-16_PC900 PROFESSIONAL,"Voles, Mice and Allies",winter,0,0,0
OGW-ABMI-1057-16_PC900 PROFESSIONAL,White-tailed Deer,summer,311.77127348116676,73,6
OGW-ABMI-1057-16_PC900 PROFESSIONAL,White-tailed Deer,winter,710.1566519421121,115,12
OGW-ABMI-1057-17_HF2 PRO COVERT,Beaver,summer,0,0,0
OGW-ABMI-1057-17_HF2 PRO COVERT,Beaver,winter,0,0,0
OGW-ABMI-1057-17_HF2 PRO COVERT,Bird,summer,0,0,0
OGW-ABMI-1057-17_HF2 PRO COVERT,Bird,winter,0,0,0
OGW-ABMI-1057-17_HF2 PRO COVERT,Black Bear,summer,134.83976459028474,31,2
OGW-ABMI-1057-17_HF2 PRO COVERT,Black Bear,winter,0,0,0
OGW-ABMI-1057-17_HF2 PRO COVERT,Coyote,summer,54.14433423160692,8,2
OGW-ABMI-1057-17_HF2 PRO COVERT,Coyote,winter,18.314334231606924,4,2
OGW-ABMI-1057-17_HF2 PRO COVERT,"Cranes, Rails, Coots",summer,0,0,0
OGW-ABMI-1057-17_HF2 PRO COVERT,"Cranes, Rails, Coots",winter,0,0,0
OGW-ABMI-1057-17_HF2 PRO COVERT,"Crows, Jays, and Allies",summer,0,0,0
OGW-ABMI-1057-17_HF2 PRO COVERT,"Crows, Jays, and Allies",winter,0,0,0
OGW-ABMI-1057-17_HF2 PRO COVERT,Deer,summer,0,0,0
OGW-ABMI-1057-17_HF2 PRO COVERT,Deer,winter,0,0,0
OGW-ABMI-1057-17_HF2 PRO COVERT,"Ducks, Swans, Geese",summer,0,0,0
OGW-ABMI-1057-17_HF2 PRO COVERT,"Ducks, Swans, Geese",winter,0,0,0
OGW-ABMI-1057-17_HF2 PRO COVERT,Elk (wapiti),summer,0,0,0
OGW-ABMI-1057-17_HF2 PRO COVERT,Elk (wapiti),winter,0,0,0
OGW-ABMI-1057-17_HF2 PRO COVERT,Ermine,summer,0,0,0
OGW-ABMI-1057-17_HF2 PRO COVERT,Ermine,winter,0,0,0
OGW-ABMI-1057-17_HF2 PRO COVERT,Fisher,summer,9.809151785714286,1,1
OGW-ABMI-1057-17_HF2 PRO COVERT,Fisher,winter,0,0,0
OGW-ABMI-1057-17_HF2 PRO COVERT,"Grouse, Ptarmigan and allies",summer,33.874653355518575,6,1
OGW-ABMI-1057-17_HF2 PRO COVERT,"Grouse, Ptarmigan and allies",winter,0,0,0
OGW-ABMI-1057-17_HF2 PRO COVERT,Magpie,summer,0,0,0
OGW-ABMI-1057-17_HF2 PRO COVERT,Magpie,winter,149.26028394612305,24,3
OGW-ABMI-1057-17_HF2 PRO COVERT,Moose,summer,257.8968589465098,75,6
OGW-ABMI-1057-17_HF2 PRO COVERT,Moose,winter,0,0,0
OGW-ABMI-1057-17_HF2 PRO COVERT,Mule deer,summer,9.759012550595498,4,1
OGW-ABMI-1057-17_HF2 PRO COVERT,Mule deer,winter,1058.0548909673473,200,26
OGW-ABMI-1057-17_HF2 PRO COVERT,Muskrat,summer,0,0,0
OGW-ABMI-1057-17_HF2 PRO COVERT,Muskrat,winter,0,0,0
OGW-ABMI-1057-17_HF2 PRO COVERT,"Pelicans, Herons, Egrets",summer,0,0,0
OGW-ABMI-1057-17_HF2 PRO COVERT,"Pelicans, Herons, Egrets",winter,0,0,0
OGW-ABMI-1057-17_HF2 PRO COVERT,Porcupine,summer,9.663799843627835,3,1
OGW-ABMI-1057-17_HF2 PRO COVERT,Porcupine,winter,26.991399530883506,10,3
OGW-ABMI-1057-17_HF2 PRO COVERT,Red fox,summer,0,0,0
OGW-ABMI-1057-17_HF2 PRO COVERT,Red fox,winter,0,0,0
OGW-ABMI-1057-17_HF2 PRO COVERT,Red Squirrel,summer,36.54871794871795,3,3
OGW-ABMI-1057-17_HF2 PRO COVERT,Red Squirrel,winter,19.182905982905982,2,1
OGW-ABMI-1057-17_HF2 PRO COVERT,Snowshoe Hare,summer,464.0861599734484,45,29
OGW-ABMI-1057-17_HF2 PRO COVERT,Snowshoe Hare,winter,460.2561599734484,51,29
OGW-ABMI-1057-17_HF2 PRO COVERT,"Voles, Mice and Allies",summer,0,0,0
OGW-ABMI-1057-17_HF2 PRO COVERT,"Voles, Mice and Allies",winter,0,0,0
OGW-ABMI-1057-17_HF2 PRO COVERT,White-tailed Deer,summer,186.42434671129564,61,2
OGW-ABMI-1057-17_HF2 PRO COVERT,White-tailed Deer,winter,250.74042697906944,64,14
OGW-ABMI-1057-17_PC900 PROFESSIONAL,Beaver,summer,0,0,0
OGW-ABMI-1057-17_PC900 PROFESSIONAL,Beaver,winter,0,0,0
OGW-ABMI-1057-17_PC900 PROFESSIONAL,Bird,summer,0,0,0
OGW-ABMI-1057-17_PC900 PROFESSIONAL,Bird,winter,0,0,0
OGW-ABMI-1057-17_PC900 PROFESSIONAL,Black Bear,summer,143.92964688542713,28,3
OGW-ABMI-1057-17_PC900 PROFESSIONAL,Black Bear,winter,0,0,0
OGW-ABMI-1057-17_PC900 PROFESSIONAL,Coyote,summer,57.14433423160692,9,2
OGW-ABMI-1057-17_PC900 PROFESSIONAL,Coyote,winter,8.657167115803462,2,1
OGW-ABMI-1057-17_PC900 PROFESSIONAL,"Cranes, Rails, Coots",summer,0,0,0
OGW-ABMI-1057-17_PC900 PROFESSIONAL,"Cranes, Rails, Coots",winter,0,0,0
OGW-ABMI-1057-17_PC900 PROFESSIONAL,"Crows, Jays, and Allies",summer,0,0,0
OGW-ABMI-1057-17_PC900 PROFESSIONAL,"Crows, Jays, and Allies",winter,9,1,1
OGW-ABMI-1057-17_PC900 PROFESSIONAL,Deer,summer,0,0,0
OGW-ABMI-1057-17_PC900 PROFESSIONAL,Deer,winter,10.336500838457239,2,2
OGW-ABMI-1057-17_PC900 PROFESSIONAL,"Ducks, Swans, Geese",summer,0,0,0
OGW-ABMI-1057-17_PC900 PROFESSIONAL,"Ducks, Swans, Geese",winter,0,0,0
OGW-ABMI-1057-17_PC900 PROFESSIONAL,Elk (wapiti),summer,0,0,0
OGW-ABMI-1057-17_PC900 PROFESSIONAL,Elk (wapiti),winter,0,0,0
OGW-ABMI-1057-17_PC900 PROFESSIONAL,Ermine,summer,0,0,0
OGW-ABMI-1057-17_PC900 PROFESSIONAL,Ermine,winter,0,0,0
OGW-ABMI-1057-17_PC900 PROFESSIONAL,Fisher,summer,11.809151785714286,2,1
OGW-ABMI-1057-17_PC900 PROFESSIONAL,Fisher,winter,0,0,0
OGW-ABMI-1057-17_PC900 PROFESSIONAL,"Grouse, Ptarmigan and allies",summer,36.81198003327787,8,2
OGW-ABMI-1057-17_PC900 PROFESSIONAL,"Grouse, Ptarmigan and allies",winter,0,0,0
OGW-ABMI-1057-17_PC900 PROFESSIONAL,Magpie,summer,0,0,0
OGW-ABMI-1057-17_PC900 PROFESSIONAL,Magpie,winter,163.94066254095375,38,7
OGW-ABMI-1057-17_PC900 PROFESSIONAL,Moose,summer,352.7968589465098,108,6
OGW-ABMI-1057-17_PC900 PROFESSIONAL,Moose,winter,0,0,0
OGW-ABMI-1057-17_PC900 PROFESSIONAL,Mule deer,summer,8.759012550595498,3,1
OGW-ABMI-1057-17_PC900 PROFESSIONAL,Mule deer,winter,669.9330651650603,141,18
OGW-ABMI-1057-17_PC900 PROFESSIONAL,Muskrat,summer,0,0,0
OGW-ABMI-1057-17_PC900 PROFESSIONAL,Muskrat,winter,0,0,0
OGW-ABMI-1057-17_PC900 PROFESSIONAL,"Pelicans, Herons, Egrets",summer,0,0,0
OGW-ABMI-1057-17_PC900 PROFESSIONAL,"Pelicans, Herons, Egrets",winter,0,0,0
OGW-ABMI-1057-17_PC900 PROFESSIONAL,Porcupine,summer,4.663799843627834,1,1
OGW-ABMI-1057-17_PC900 PROFESSIONAL,Porcupine,winter,44.5113995308835,10,3
OGW-ABMI-1057-17_PC900 PROFESSIONAL,Red fox,summer,0,0,0
OGW-ABMI-1057-17_PC900 PROFESSIONAL,Red fox,winter,0,0,0
OGW-ABMI-1057-17_PC900 PROFESSIONAL,Red Squirrel,summer,83.0974358974359,8,6
OGW-ABMI-1057-17_PC900 PROFESSIONAL,Red Squirrel,winter,0,0,0
OGW-ABMI-1057-17_PC900 PROFESSIONAL,Snowshoe Hare,summer,664.106797212081,70,32
OGW-ABMI-1057-17_PC900 PROFESSIONAL,Snowshoe Hare,winter,562.296372386326,61,30
OGW-ABMI-1057-17_PC900 PROFESSIONAL,"Voles, Mice and Allies",summer,0,0,0
OGW-ABMI-1057-17_PC900 PROFESSIONAL,"Voles, Mice and Allies",winter,0,0,0
OGW-ABMI-1057-17_PC900 PROFESSIONAL,White-tailed Deer,summer,172.29434671129565,40,2
OGW-ABMI-1057-17_PC900 PROFESSIONAL,White-tailed Deer,winter,268.89477369036507,58,16
OGW-ABMI-1057-18_HF2 PRO COVERT,Beaver,summer,0,0,0
OGW-ABMI-1057-18_HF2 PRO COVERT,Beaver,winter,0,0,0
OGW-ABMI-1057-18_HF2 PRO COVERT,Bird,summer,0,0,0
OGW-ABMI-1057-18_HF2 PRO COVERT,Bird,winter,0,0,0
OGW-ABMI-1057-18_HF2 PRO COVERT,Black Bear,summer,50.24988229514237,20,1
OGW-ABMI-1057-18_HF2 PRO COVERT,Black Bear,winter,0,0,0
OGW-ABMI-1057-18_HF2 PRO COVERT,Coyote,summer,0,0,0
OGW-ABMI-1057-18_HF2 PRO COVERT,Coyote,winter,136.20300269482078,25,6
OGW-ABMI-1057-18_HF2 PRO COVERT,"Cranes, Rails, Coots",summer,0,0,0
OGW-ABMI-1057-18_HF2 PRO COVERT,"Cranes, Rails, Coots",winter,0,0,0
OGW-ABMI-1057-18_HF2 PRO COVERT,"Crows, Jays, and Allies",summer,0,0,0
OGW-ABMI-1057-18_HF2 PRO COVERT,"Crows, Jays, and Allies",winter,0,0,0
OGW-ABMI-1057-18_HF2 PRO COVERT,Deer,summer,0,0,0
OGW-ABMI-1057-18_HF2 PRO COVERT,Deer,winter,24.616500838457238,4,2
OGW-ABMI-1057-18_HF2 PRO COVERT,"Ducks, Swans, Geese",summer,0,0,0
OGW-ABMI-1057-18_HF2 PRO COVERT,"Ducks, Swans, Geese",winter,0,0,0
OGW-ABMI-1057-18_HF2 PRO COVERT,Elk (wapiti),summer,34.85178393745558,14,1
OGW-ABMI-1057-18_HF2 PRO COVERT,Elk (wapiti),winter,0,0,0
OGW-ABMI-1057-18_HF2 PRO COVERT,Ermine,summer,0,0,0
OGW-ABMI-1057-18_HF2 PRO COVERT,Ermine,winter,4.5,1,1
OGW-ABMI-1057-18_HF2 PRO COVERT,Fisher,summer,0,0,0
OGW-ABMI-1057-18_HF2 PRO COVERT,Fisher,winter,0,0,0
OGW-ABMI-1057-18_HF2 PRO COVERT,"Grouse, Ptarmigan and allies",summer,0,0,0
OGW-ABMI-1057-18_HF2 PRO COVERT,"Grouse, Ptarmigan and allies",winter,0,0,0
OGW-ABMI-1057-18_HF2 PRO COVERT,Magpie,summer,0,0,0
OGW-ABMI-1057-18_HF2 PRO COVERT,Magpie,winter,0,0,0
OGW-ABMI-1057-18_HF2 PRO COVERT,Moose,summer,151.07447649108497,33,1
OGW-ABMI-1057-18_HF2 PRO COVERT,Moose,winter,111.94895298216991,23,2
OGW-ABMI-1057-18_HF2 PRO COVERT,Mule deer,summer,0,0,0
OGW-ABMI-1057-18_HF2 PRO COVERT,Mule deer,winter,2432.8315534669864,563,28
OGW-ABMI-1057-18_HF2 PRO COVERT,Muskrat,summer,0,0,0
OGW-ABMI-1057-18_HF2 PRO COVERT,Muskrat,winter,0,0,0
OGW-ABMI-1057-18_HF2 PRO COVERT,"Pelicans, Herons, Egrets",summer,0,0,0
OGW-ABMI-1057-18_HF2 PRO COVERT,"Pelicans, Herons, Egrets",winter,0,0,0
OGW-ABMI-1057-18_HF2 PRO COVERT,Porcupine,summer,0,0,0
OGW-ABMI-1057-18_HF2 PRO COVERT,Porcupine,winter,6.663799843627834,2,1
OGW-ABMI-1057-18_HF2 PRO COVERT,Red fox,summer,0,0,0
OGW-ABMI-1057-18_HF2 PRO COVERT,Red fox,winter,0,0,0
OGW-ABMI-1057-18_HF2 PRO COVERT,Red Squirrel,summer,0,0,0
OGW-ABMI-1057-18_HF2 PRO COVERT,Red Squirrel,winter,0,0,0
OGW-ABMI-1057-18_HF2 PRO COVERT,Snowshoe Hare,summer,0,0,0
OGW-ABMI-1057-18_HF2 PRO COVERT,Snowshoe Hare,winter,642.4597709923664,58,45
OGW-ABMI-1057-18_HF2 PRO COVERT,"Voles, Mice and Allies",summer,10.0625,1,1
OGW-ABMI-1057-18_HF2 PRO COVERT,"Voles, Mice and Allies",winter,0,0,0
OGW-ABMI-1057-18_HF2 PRO COVERT,White-tailed Deer,summer,98.91434671129562,27,2
OGW-ABMI-1057-18_HF2 PRO COVERT,White-tailed Deer,winter,523.0445602008303,125,9
OGW-ABMI-1057-18_PC900 PROFESSIONAL,Beaver,summer,0,0,0
OGW-ABMI-1057-18_PC900 PROFESSIONAL,Beaver,winter,0,0,0
OGW-ABMI-1057-18_PC900 PROFESSIONAL,Bird,summer,0,0,0
OGW-ABMI-1057-18_PC900 PROFESSIONAL,Bird,winter,0,0,0
OGW-ABMI-1057-18_PC900 PROFESSIONAL,Black Bear,summer,49.24988229514237,10,1
OGW-ABMI-1057-18_PC900 PROFESSIONAL,Black Bear,winter,10.24988229514237,2,1
OGW-ABMI-1057-18_PC900 PROFESSIONAL,Coyote,summer,0,0,0
OGW-ABMI-1057-18_PC900 PROFESSIONAL,Coyote,winter,145.72300269482076,21,6
OGW-ABMI-1057-18_PC900 PROFESSIONAL,"Cranes, Rails, Coots",summer,0,0,0
OGW-ABMI-1057-18_PC900 PROFESSIONAL,"Cranes, Rails, Coots",winter,0,0,0
OGW-ABMI-1057-18_PC900 PROFESSIONAL,"Crows, Jays, and Allies",summer,0,0,0
OGW-ABMI-1057-18_PC900 PROFESSIONAL,"Crows, Jays, and Allies",winter,0,0,0
OGW-ABMI-1057-18_PC900 PROFESSIONAL,Deer,summer,0,0,0
OGW-ABMI-1057-18_PC900 PROFESSIONAL,Deer,winter,46.177752934600335,9,7
OGW-ABMI-1057-18_PC900 PROFESSIONAL,"Ducks, Swans, Geese",summer,0,0,0
OGW-ABMI-1057-18_PC900 PROFESSIONAL,"Ducks, Swans, Geese",winter,0,0,0
OGW-ABMI-1057-18_PC900 PROFESSIONAL,Elk (wapiti),summer,34.85178393745558,13,1
OGW-ABMI-1057-18_PC900 PROFESSIONAL,Elk (wapiti),winter,0,0,0
OGW-ABMI-1057-18_PC900 PROFESSIONAL,Ermine,summer,0,0,0
OGW-ABMI-1057-18_PC900 PROFESSIONAL,Ermine,winter,4.5,1,1
OGW-ABMI-1057-18_PC900 PROFESSIONAL,Fisher,summer,0,0,0
OGW-ABMI-1057-18_PC900 PROFESSIONAL,Fisher,winter,0,0,0
OGW-ABMI-1057-18_PC900 PROFESSIONAL,"Grouse, Ptarmigan and allies",summer,0,0,0
OGW-ABMI-1057-18_PC900 PROFESSIONAL,"Grouse, Ptarmigan and allies",winter,0,0,0
OGW-ABMI-1057-18_PC900 PROFESSIONAL,Magpie,summer,0,0,0
OGW-ABMI-1057-18_PC900 PROFESSIONAL,Magpie,winter,0,0,0
OGW-ABMI-1057-18_PC900 PROFESSIONAL,Moose,summer,215.54447649108496,48,1
OGW-ABMI-1057-18_PC900 PROFESSIONAL,Moose,winter,114.84895298216992,16,2
OGW-ABMI-1057-18_PC900 PROFESSIONAL,Mule deer,summer,0,0,0
OGW-ABMI-1057-18_PC900 PROFESSIONAL,Mule deer,winter,2735.4936614130725,490,33
OGW-ABMI-1057-18_PC900 PROFESSIONAL,Muskrat,summer,0,0,0
OGW-ABMI-1057-18_PC900 PROFESSIONAL,Muskrat,winter,0,0,0
OGW-ABMI-1057-18_PC900 PROFESSIONAL,"Pelicans, Herons, Egrets",summer,0,0,0
OGW-ABMI-1057-18_PC900 PROFESSIONAL,"Pelicans, Herons, Egrets",winter,0,0,0
OGW-ABMI-1057-18_PC900 PROFESSIONAL,Porcupine,summer,0,0,0
OGW-ABMI-1057-18_PC900 PROFESSIONAL,Porcupine,winter,4.663799843627834,1,1
OGW-ABMI-1057-18_PC900 PROFESSIONAL,Red fox,summer,0,0,0
OGW-ABMI-1057-18_PC900 PROFESSIONAL,Red fox,winter,0,0,0
OGW-ABMI-1057-18_PC900 PROFESSIONAL,Red Squirrel,summer,0,0,0
OGW-ABMI-1057-18_PC900 PROFESSIONAL,Red Squirrel,winter,0,0,0
OGW-ABMI-1057-18_PC900 PROFESSIONAL,Snowshoe Hare,summer,0,0,0
OGW-ABMI-1057-18_PC900 PROFESSIONAL,Snowshoe Hare,winter,275.57446067042815,27,21
OGW-ABMI-1057-18_PC900 PROFESSIONAL,"Voles, Mice and Allies",summer,0,0,0
OGW-ABMI-1057-18_PC900 PROFESSIONAL,"Voles, Mice and Allies",winter,0,0,0
OGW-ABMI-1057-18_PC900 PROFESSIONAL,White-tailed Deer,summer,92.95717335564781,26,1
OGW-ABMI-1057-18_PC900 PROFESSIONAL,White-tailed Deer,winter,239.1458667782391,53,5
OGW-ABMI-1057-19_HF2 PRO COVERT,Beaver,summer,353.6,29,20
OGW-ABMI-1057-19_HF2 PRO COVERT,Beaver,winter,55.74,4,1
OGW-ABMI-1057-19_HF2 PRO COVERT,Bird,summer,0,0,0
OGW-ABMI-1057-19_HF2 PRO COVERT,Bird,winter,11.055384615384616,1,1
OGW-ABMI-1057-19_HF2 PRO COVERT,Black Bear,summer,6.249882295142371,1,1
OGW-ABMI-1057-19_HF2 PRO COVERT,Black Bear,winter,0,0,0
OGW-ABMI-1057-19_HF2 PRO COVERT,Coyote,summer,7.657167115803462,1,1
OGW-ABMI-1057-19_HF2 PRO COVERT,Coyote,winter,547.5881859795488,105,43
OGW-ABMI-1057-19_HF2 PRO COVERT,"Cranes, Rails, Coots",summer,949.9703370786517,216,46
OGW-ABMI-1057-19_HF2 PRO COVERT,"Cranes, Rails, Coots",winter,220.0408988764045,69,4
OGW-ABMI-1057-19_HF2 PRO COVERT,"Crows, Jays, and Allies",summer,0,0,0
OGW-ABMI-1057-19_HF2 PRO COVERT,"Crows, Jays, and Allies",winter,0,0,0
OGW-ABMI-1057-19_HF2 PRO COVERT,Deer,summer,0,0,0
OGW-ABMI-1057-19_HF2 PRO COVERT,Deer,winter,0,0,0
OGW-ABMI-1057-19_HF2 PRO COVERT,"Ducks, Swans, Geese",summer,8800.013125512716,2123,507
OGW-ABMI-1057-19_HF2 PRO COVERT,"Ducks, Swans, Geese",winter,134.62137944090364,34,3
OGW-ABMI-1057-19_HF2 PRO COVERT,Elk (wapiti),summer,0,0,0
OGW-ABMI-1057-19_HF2 PRO COVERT,Elk (wapiti),winter,0,0,0
OGW-ABMI-1057-19_HF2 PRO COVERT,Ermine,summer,0,0,0
OGW-ABMI-1057-19_HF2 PRO COVERT,Ermine,winter,0,0,0
OGW-ABMI-1057-19_HF2 PRO COVERT,Fisher,summer,0,0,0
OGW-ABMI-1057-19_HF2 PRO COVERT,Fisher,winter,0,0,0
OGW-ABMI-1057-19_HF2 PRO COVERT,"Grouse, Ptarmigan and allies",summer,0,0,0
OGW-ABMI-1057-19_HF2 PRO COVERT,"Grouse, Ptarmigan and allies",winter,6.405990016638935,1,1
OGW-ABMI-1057-19_HF2 PRO COVERT,Magpie,summer,0,0,0
OGW-ABMI-1057-19_HF2 PRO COVERT,Magpie,winter,71.94066254095377,16,7
OGW-ABMI-1057-19_HF2 PRO COVERT,Moose,summer,34.13447649108497,5,1
OGW-ABMI-1057-19_HF2 PRO COVERT,Moose,winter,141.10790596433986,24,4
OGW-ABMI-1057-19_HF2 PRO COVERT,Mule deer,summer,0,0,0
OGW-ABMI-1057-19_HF2 PRO COVERT,Mule deer,winter,1341.6726236536952,322,20
OGW-ABMI-1057-19_HF2 PRO COVERT,Muskrat,summer,1932.2688095238095,343,299
OGW-ABMI-1057-19_HF2 PRO COVERT,Muskrat,winter,150.48142857142858,25,11
OGW-ABMI-1057-19_HF2 PRO COVERT,"Pelicans, Herons, Egrets",summer,0,0,0
OGW-ABMI-1057-19_HF2 PRO COVERT,"Pelicans, Herons, Egrets",winter,0,0,0
OGW-ABMI-1057-19_HF2 PRO COVERT,Porcupine,summer,0,0,0
OGW-ABMI-1057-19_HF2 PRO COVERT,Porcupine,winter,0,0,0
OGW-ABMI-1057-19_HF2 PRO COVERT,Red fox,summer,0,0,0
OGW-ABMI-1057-19_HF2 PRO COVERT,Red fox,winter,0,0,0
OGW-ABMI-1057-19_HF2 PRO COVERT,Red Squirrel,summer,0,0,0
OGW-ABMI-1057-19_HF2 PRO COVERT,Red Squirrel,winter,0,0,0
OGW-ABMI-1057-19_HF2 PRO COVERT,Snowshoe Hare,summer,0,0,0
OGW-ABMI-1057-19_HF2 PRO COVERT,Snowshoe Hare,winter,832.926372386326,96,30
OGW-ABMI-1057-19_HF2 PRO COVERT,"Voles, Mice and Allies",summer,0,0,0
OGW-ABMI-1057-19_HF2 PRO COVERT,"Voles, Mice and Allies",winter,0,0,0
OGW-ABMI-1057-19_HF2 PRO COVERT,White-tailed Deer,summer,117.15592733358494,12,2
OGW-ABMI-1057-19_HF2 PRO COVERT,White-tailed Deer,winter,97.87586677823909,23,5
OGW-ABMI-1057-19_PC900 PROFESSIONAL,Beaver,summer,305.37,20,11
OGW-ABMI-1057-19_PC900 PROFESSIONAL,Beaver,winter,53.31,3,1
OGW-ABMI-1057-19_PC900 PROFESSIONAL,Bird,summer,0,0,0
OGW-ABMI-1057-19_PC900 PROFESSIONAL,Bird,winter,11.055384615384616,1,1
OGW-ABMI-1057-19_PC900 PROFESSIONAL,Black Bear,summer,6.249882295142371,1,1
OGW-ABMI-1057-19_PC900 PROFESSIONAL,Black Bear,winter,0,0,0
OGW-ABMI-1057-19_PC900 PROFESSIONAL,Coyote,summer,0,0,0
OGW-ABMI-1057-19_PC900 PROFESSIONAL,Coyote,winter,433.37784635830036,72,29
OGW-ABMI-1057-19_PC900 PROFESSIONAL,"Cranes, Rails, Coots",summer,629.1078651685393,130,35
OGW-ABMI-1057-19_PC900 PROFESSIONAL,"Cranes, Rails, Coots",winter,148.26022471910113,55,1
OGW-ABMI-1057-19_PC900 PROFESSIONAL,"Crows, Jays, and Allies",summer,0,0,0
OGW-ABMI-1057-19_PC900 PROFESSIONAL,"Crows, Jays, and Allies",winter,0,0,0
OGW-ABMI-1057-19_PC900 PROFESSIONAL,Deer,summer,0,0,0
OGW-ABMI-1057-19_PC900 PROFESSIONAL,Deer,winter,0,0,0
OGW-ABMI-1057-19_PC900 PROFESSIONAL,"Ducks, Swans, Geese",summer,7129.886224521992,1501,405
OGW-ABMI-1057-19_PC900 PROFESSIONAL,"Ducks, Swans, Geese",winter,69.74758629393577,16,2
OGW-ABMI-1057-19_PC900 PROFESSIONAL,Elk (wapiti),summer,0,0,0
OGW-ABMI-1057-19_PC900 PROFESSIONAL,Elk (wapiti),winter,0,0,0
OGW-ABMI-1057-19_PC900 PROFESSIONAL,Ermine,summer,0,0,0
OGW-ABMI-1057-19_PC900 PROFESSIONAL,Ermine,winter,0,0,0
OGW-ABMI-1057-19_PC900 PROFESSIONAL,Fisher,summer,0,0,0
OGW-ABMI-1057-19_PC900 PROFESSIONAL,Fisher,winter,0,0,0
OGW-ABMI-1057-19_PC900 PROFESSIONAL,"Grouse, Ptarmigan and allies",summer,6.405990016638935,1,1
OGW-ABMI-1057-19_PC900 PROFESSIONAL,"Grouse, Ptarmigan and allies",winter,6.405990016638935,2,1
OGW-ABMI-1057-19_PC900 PROFESSIONAL,Magpie,summer,0,0,0
OGW-ABMI-1057-19_PC900 PROFESSIONAL,Magpie,winter,70.94066254095377,16,7
OGW-ABMI-1057-19_PC900 PROFESSIONAL,Moose,summer,35.12596865477995,3,1
OGW-ABMI-1057-19_PC900 PROFESSIONAL,Moose,winter,132.76790596433986,22,4
OGW-ABMI-1057-19_PC900 PROFESSIONAL,Mule deer,summer,0,0,0
OGW-ABMI-1057-19_PC900 PROFESSIONAL,Mule deer,winter,1434.6708569287798,266,20
OGW-ABMI-1057-19_PC900 PROFESSIONAL,Muskrat,summer,1485.6238095238095,304,179
OGW-ABMI-1057-19_PC900 PROFESSIONAL,Muskrat,winter,70.33428571428571,10,5
OGW-ABMI-1057-19_PC900 PROFESSIONAL,"Pelicans, Herons, Egrets",summer,0,0,0
OGW-ABMI-1057-19_PC900 PROFESSIONAL,"Pelicans, Herons, Egrets",winter,0,0,0
OGW-ABMI-1057-19_PC900 PROFESSIONAL,Porcupine,summer,0,0,0
OGW-ABMI-1057-19_PC900 PROFESSIONAL,Porcupine,winter,0,0,0
OGW-ABMI-1057-19_PC900 PROFESSIONAL,Red fox,summer,0,0,0
OGW-ABMI-1057-19_PC900 PROFESSIONAL,Red fox,winter,0,0,0
OGW-ABMI-1057-19_PC900 PROFESSIONAL,Red Squirrel,summer,0,0,0
OGW-ABMI-1057-19_PC900 PROFESSIONAL,Red Squirrel,winter,0,0,0
OGW-ABMI-1057-19_PC900 PROFESSIONAL,Snowshoe Hare,summer,0,0,0
OGW-ABMI-1057-19_PC900 PROFESSIONAL,Snowshoe Hare,winter,700.2170096249586,82,33
OGW-ABMI-1057-19_PC900 PROFESSIONAL,"Voles, Mice and Allies",summer,0,0,0
OGW-ABMI-1057-19_PC900 PROFESSIONAL,"Voles, Mice and Allies",winter,0,0,0
OGW-ABMI-1057-19_PC900 PROFESSIONAL,White-tailed Deer,summer,109.64086860968197,7,1
OGW-ABMI-1057-19_PC900 PROFESSIONAL,White-tailed Deer,winter,113.47586677823908,24,5
